rnum,first_name,last_name,email
1,Ansley,Peachman,apeachman0@sbwire.com
2,Sibel,Hitzschke,shitzschke1@livejournal.com
3,Vinnie,de Clerq,vdeclerq2@zimbio.com
4,Daryl,McKendo,dmckendo3@ifeng.com
5,Kort,Teck,kteck4@taobao.com
6,Kimble,Fisbburne,kfisbburne5@squarespace.com
7,Janette,Morrow,jmorrow6@ca.gov
8,Mose,Foucar,mfoucar7@histats.com
9,Bernadette,Middiff,bmiddiff8@cam.ac.uk
10,Norris,Leek,nleek9@infoseek.co.jp
